id,nome,email,telefone
1,Marina da Rocha,rmartins@ig.com.br,+55 (021) 0454 2940
2,Enzo Gabriel Farias,carolinapires@ig.com.br,+55 71 4013 0548
3,Bernardo Campos,vitor-hugoalves@uol.com.br,(031) 4058-0629
4,Raul Moura,da-costaguilherme@mendes.net,(021) 7531-9254
5,Milena Pinto,melissa40@moura.com,+55 21 8790-6616
6,Joana Campos,ana-julia77@uol.com.br,+55 (071) 1222-8727
7,Thales Barros,augustorezende@gmail.com,+55 31 8311-4472
8,Isis Nunes,blopes@bol.com.br,41 8617-4770
9,Vitor Hugo da Mota,gabriellyda-conceicao@bol.com.br,+55 (041) 7640-3325
10,Amanda Araújo,augustoda-luz@hotmail.com,+55 (061) 1784 4333
11,Noah Viana,augusto53@ig.com.br,84 5998 9832
12,Sophia Oliveira,ocarvalho@hotmail.com,+55 21 0524 9991
13,Dr. Ryan Gonçalves,cavalcantilorena@nascimento.net,71 9898-0508
14,Ana Luiza Dias,camilanogueira@silva.org,+55 84 7870-7137
15,Luana da Rocha,marcela65@gmail.com,(021) 4377-0015
16,Juan Pinto,vazevedo@oliveira.com,0300-619-6831
17,Ana Sophia Teixeira,manuela19@gmail.com,+55 11 6939-0007
18,Bryan Costa,diogo07@barbosa.org,(081) 9869-1859
19,Esther da Rosa,da-conceicaoyuri@lopes.br,+55 (061) 0615-1860
20,Dr. Francisco Moura,bernardopeixoto@ig.com.br,+55 61 7025-3419
21,Eloah Freitas,nathanda-cunha@bol.com.br,+55 84 3441 6858
22,Luana Carvalho,raulfarias@uol.com.br,+55 (031) 7296-0428
23,Isabella Gonçalves,pietraoliveira@moura.org,31 9511-8950
24,Lívia Cardoso,murilo98@da.org,+55 21 1416 6958
25,Emanuel Azevedo,da-luzana-beatriz@uol.com.br,81 9349 3450
26,Ana Carolina Cavalcanti,maria-vitoriacostela@hotmail.com,+55 71 2756 5045
27,Juliana Carvalho,felipenunes@yahoo.com.br,(031) 0869 1147
28,Nicole Lopes,ana-laura29@yahoo.com.br,(071) 7081-1818
29,Kaique Novaes,pnovaes@da.com,+55 81 1193-8175
30,Dr. Cauã da Costa,azevedoluna@dias.br,+55 31 1700 6400
31,João Miguel Ribeiro,jesusisabelly@alves.br,81 9936 6983
32,Marcos Vinicius da Mata,ianmelo@viana.br,(021) 4224-2379
33,Kevin Gonçalves,brenda81@bol.com.br,+55 41 5691 9762
34,Sra. Giovanna Costa,rafaelada-rosa@bol.com.br,(031) 5332-8650
35,Dr. Rafael da Paz,jsilveira@gmail.com,+55 (011) 0288 5414
36,Gabriela Azevedo,roliveira@hotmail.com,61 9798-1076
37,Ana Luiza Araújo,da-cunhamariana@oliveira.net,0800-002-9123
38,Luiz Gustavo da Mata,nicoleda-cruz@barbosa.com,(061) 8225-4703
39,Dra. Maria Vitória Freitas,fernando11@gomes.com,+55 (051) 0538 5743
40,Francisco Correia,da-rosafernanda@bol.com.br,+55 (084) 9211-9108
41,Amanda Silveira,caiojesus@souza.net,+55 31 0865-2731
42,Lorenzo Caldeira,qda-rocha@rezende.br,+55 84 5624 4675
43,Yuri Rocha,ecunha@uol.com.br,+55 (061) 4047-9062
44,Julia Jesus,salesclarice@nunes.br,+55 41 5285 3629
45,Enzo Gabriel Viana,mirellafarias@yahoo.com.br,(021) 9743 2487
46,Srta. Mariana Barros,lunaporto@pires.br,21 3093 4929
47,Esther Peixoto,andrelima@yahoo.com.br,+55 (021) 6526-2185
48,Srta. Daniela Castro,nogueiraisabelly@da.net,84 7760 3912
49,Luiz Miguel Viana,ana-carolinalima@yahoo.com.br,(031) 7776-4437
50,Dra. Emanuella Costela,sofia37@silveira.com,(081) 2398-9292
51,Ana Laura Farias,vianaluiz-fernando@nogueira.br,31 0131-2959
52,Marcos Vinicius Silveira,juliana64@uol.com.br,(031) 3706 8747
53,Emilly Cardoso,barbosajoao-felipe@ig.com.br,+55 (011) 0647-1184
54,Marcela Jesus,xda-conceicao@gmail.com,0900 334 9833
55,Anthony Pinto,gustavo-henrique18@araujo.br,0500 989 3177
56,Marcelo Gomes,pedro-henriquebarbosa@ig.com.br,11 2696 3171
57,Vitória Gomes,fernando89@yahoo.com.br,31 9772-9808
58,Benício Cardoso,oliveiraisaac@sales.br,(021) 8951 3406
59,Srta. Maria Vitória Nascimento,barbara37@porto.com,(081) 5272-2212
60,Isabella Monteiro,erickazevedo@ribeiro.com,71 3225 1182
61,Guilherme Farias,camila73@da.net,(061) 9772-9282
62,Marina Campos,santosgiovanna@rocha.com,+55 (071) 4209 1946
63,João Guilherme Cunha,miguel72@lima.com,+55 84 6223-3894
64,Anthony Aragão,juanalmeida@uol.com.br,(071) 7285-3416
65,Ana Luiza Jesus,sgomes@da.com,+55 61 6002-0150
66,Sr. Joaquim Cardoso,da-rosaluiz-fernando@yahoo.com.br,+55 (061) 4578 7572
67,Ana Luiza da Rosa,ceciliabarros@bol.com.br,+55 (011) 3794-8875
68,Diogo da Cunha,beatrizfarias@ferreira.br,(021) 6675-0779
69,João Lucas Cardoso,carolineramos@freitas.org,71 2606-8916
70,Enzo Mendes,rodrigo39@yahoo.com.br,+55 21 6730-3387
71,Isaac Mendes,rdias@bol.com.br,+55 71 2021-9777
72,Kamilly Cavalcanti,stephanycastro@uol.com.br,+55 41 1258-1550
73,Dr. João Felipe da Luz,joao-gabriel92@ig.com.br,+55 11 7454-1950
74,Thales Nascimento,alicealves@dias.com,+55 31 3381-1441
75,Juan Sales,rafaelda-rosa@freitas.com,+55 (061) 6219-4193
76,Daniela Dias,freitaseduardo@uol.com.br,+55 (041) 2173-5229
77,Catarina Rocha,pgomes@gmail.com,71 3666-2118
78,Dra. Clarice Sales,sofia35@bol.com.br,84 4851 3742
79,João Gabriel Gomes,vrezende@santos.com,71 7485 5993
80,Laís da Rosa,danilorocha@da.br,21 7966 8700
81,Bárbara Castro,anacarvalho@hotmail.com,+55 71 6721 5328
82,Eduarda Castro,pedro-henriqueporto@ig.com.br,(061) 6646 9671
83,Giovanna da Conceição,luiz-fernandoaraujo@uol.com.br,+55 (011) 1469 9451
84,Dr. Juan Dias,eduardo04@da.br,+55 (081) 2506-4048
85,Maria Sophia Vieira,novaesjoaquim@yahoo.com.br,+55 (011) 5668-0957
86,Maria Eduarda Pereira,mendesgiovanna@bol.com.br,84 8662 3759
87,Dra. Júlia Cardoso,costelaemanuel@hotmail.com,41 5848 6940
88,Bryan Martins,ianaragao@ig.com.br,+55 41 7426 2558
89,Helena Ferreira,silvathiago@yahoo.com.br,0300-990-1694
90,Catarina Silva,ramosmarina@pires.org,(021) 6492-7050
91,Gabriela Cardoso,monteiroalicia@rodrigues.br,+55 (021) 7467-3701
92,Vitor Pereira,miguelcostela@gmail.com,+55 (084) 4010 1063
93,Dr. Pedro Lucas Mendes,samuelsilva@uol.com.br,+55 (051) 8185 0869
94,Luiz Otávio Cardoso,mouradaniela@ig.com.br,61 5614-0155
95,Davi Lucca Moraes,camposlucas-gabriel@ig.com.br,+55 (084) 9226-2474
96,Srta. Lívia Cunha,da-motathales@araujo.net,84 7700-0422
97,Sr. Nathan Vieira,joaofarias@da.br,+55 (031) 5628-9076
98,Ian da Costa,aoliveira@fernandes.com,(051) 9146 0195
99,Sra. Isabella Nascimento,beatrizcampos@moreira.br,11 5262 8309
100,Ana Lívia Azevedo,silvavalentina@da.com,(041) 6018 6100
101,Isabella Fernandes,nsilveira@uol.com.br,(061) 7699 9434
102,Sarah Viana,procha@duarte.com,+55 (084) 0899 5573
103,Igor Martins,alvesnatalia@vieira.org,(041) 0942 9543
104,Igor Costa,vitor-gabriel29@cunha.org,+55 (051) 8224 7989
105,Rodrigo Cunha,freitassamuel@rezende.br,+55 41 0852-5153
106,Maria Julia Souza,ramosjoao-felipe@yahoo.com.br,(081) 8141 8267
107,Sabrina da Cruz,sfreitas@hotmail.com,+55 31 7552-5427
108,Lara da Rosa,lorena70@pereira.org,84 5963 7503
109,Dr. Rafael Moura,felipe79@ig.com.br,(051) 9005 8727
110,Kevin Moraes,tcampos@bol.com.br,+55 (051) 9729 3415
111,Milena Monteiro,juliada-costa@cardoso.com,(071) 9437-5063
112,Lucas Novaes,luiz-fernandodas-neves@costa.com,+55 (071) 3409 3664
113,Alexandre Ribeiro,lucasdias@yahoo.com.br,+55 (021) 6412-6333
114,Mirella Viana,joaquim54@uol.com.br,(081) 7919-0938
115,Vinicius Mendes,fariasrebeca@gomes.br,(011) 9092-2878
116,Juliana Vieira,laurada-cunha@hotmail.com,+55 81 0497-5126
117,Manuela Almeida,pedro43@gmail.com,(061) 2320-2811
118,Dr. Pietro Souza,cavalcantiraul@da.br,(051) 7526-8203
119,Kaique Caldeira,da-costarodrigo@da.com,+55 41 9792 1241
120,Elisa Ribeiro,camposagatha@ig.com.br,(081) 9335 6997
121,Srta. Kamilly Cardoso,danilojesus@almeida.net,+55 31 8613 6395
122,Stella Santos,luna38@da.net,0800 743 1730
123,Gabriel Peixoto,da-cruzeduarda@costela.br,+55 (071) 6860-7262
124,Srta. Maria Luiza Pereira,cunhapedro-henrique@goncalves.com,(081) 1551-6991
125,Rafael Araújo,claricerocha@duarte.org,0500 396 5212
126,Sr. Pedro Teixeira,iribeiro@ig.com.br,(081) 9056-2489
127,Sr. Davi Luiz Rocha,dfernandes@da.com,+55 61 2740 4114
128,Larissa Peixoto,rodrigo68@gmail.com,+55 (021) 1794-1323
129,Emanuelly Carvalho,yduarte@rezende.com,84 8329-0127
130,Theo Jesus,emanuella09@oliveira.net,+55 (031) 4418-9490
131,Srta. Lorena Jesus,correiarodrigo@ig.com.br,+55 (041) 7098-3346
132,Vitória da Luz,costaalexandre@nogueira.br,(084) 3443 2943
133,Leonardo Rodrigues,silveiradavi@yahoo.com.br,21 9639 0711
134,Lívia Cunha,brendanascimento@araujo.com,(021) 1531 0477
135,Elisa Silveira,tcosta@yahoo.com.br,+55 (021) 5902 2497
136,Srta. Emanuella Freitas,juliacorreia@nunes.br,+55 51 4802 8580
137,Lucas Costa,davi-luizvieira@hotmail.com,+55 81 9037 0083
138,Rafaela da Cruz,emanuelly27@da.br,21 7278 5178
139,Isaac da Mota,ana-julialima@uol.com.br,+55 (051) 9640 5330
140,Sr. Yago Fernandes,cavalcantidaniela@gmail.com,0500 209 3001
141,Milena Freitas,juliada-cunha@uol.com.br,(084) 1864-4940
142,João Miguel Correia,murilocaldeira@uol.com.br,+55 51 5248 8572
143,Sarah Alves,da-rosamelissa@bol.com.br,+55 (081) 8209-1192
144,Dr. Ryan Gomes,peixotogustavo@cavalcanti.br,+55 81 3343-5120
145,Cauê Silveira,ramosdavi-luiz@rocha.br,+55 61 0228-0759
146,Heitor Cardoso,da-rochalucas@cavalcanti.org,+55 (011) 8905 9023
147,João Lucas da Luz,araujosophie@hotmail.com,+55 61 6238-0510
148,Valentina Santos,nogueiracaroline@gmail.com,+55 (011) 2926 3921
149,Bianca Barbosa,barrosjoao-pedro@da.com,+55 (071) 3268-6159
150,Carlos Eduardo Nogueira,castrojoao-gabriel@moreira.com,+55 41 6249-8493
151,Sophia Gomes,manuela47@hotmail.com,+55 21 3171-9646
152,Isabel Cardoso,moraeslucca@ribeiro.com,+55 11 1779-1011
153,Miguel Araújo,cardosovalentina@uol.com.br,(084) 3319-3560
154,Ana Clara das Neves,vitorcorreia@yahoo.com.br,(071) 5983-9157
155,Dr. Pedro Lucas Pereira,ana-vitoria96@da.com,0900-317-0263
156,Vitor Lima,da-mataarthur@cardoso.com,(051) 4499 4781
157,Calebe Fernandes,fernando28@nunes.org,+55 84 9439 1361
158,Guilherme Almeida,juan96@freitas.net,31 2078-7034
159,Vinicius Pereira,catarinarocha@pinto.br,11 7670 7837
160,Sabrina Azevedo,cda-paz@sales.br,31 7733-4823
161,Sofia Nogueira,marianeviana@ig.com.br,+55 81 3673 0618
162,Yuri Sales,cauada-cunha@pires.com,+55 (031) 0022-8015
163,João Vitor Monteiro,ana-beatriz98@ferreira.org,+55 (021) 9984-7717
164,Dr. Paulo Almeida,das-nevesenzo@ig.com.br,41 5262-8492
165,Lívia da Conceição,ana-julia87@ig.com.br,71 3400 2556
166,Gabriela da Conceição,bcunha@ig.com.br,+55 11 8996 0914
167,Lorenzo Costela,nogueiracarlos-eduardo@pereira.net,0800-337-3215
168,Lucca Pires,almeidadiogo@yahoo.com.br,(081) 8417-1238
169,Maria Alice Costela,thomasbarbosa@hotmail.com,+55 (031) 6328-9245
170,Sra. Maitê Caldeira,maria-vitoriagoncalves@viana.net,+55 (061) 5864-2533
171,Otávio Ferreira,das-nevesisabel@gmail.com,+55 51 0814 0233
172,Vitor Farias,sofiagoncalves@hotmail.com,+55 (051) 6887-7784
173,Evelyn Souza,maria-fernanda47@gmail.com,41 6127-7067
174,Dr. Pedro Lucas Rodrigues,bryanpires@da.br,(071) 0909 3311
175,Arthur Castro,fernanda79@bol.com.br,(084) 4109 2464
176,Heloísa Jesus,alexandre25@bol.com.br,61 7085 7119
177,Natália da Cruz,mirellapinto@rodrigues.br,51 5427 0634
178,Maitê Carvalho,xoliveira@melo.com,+55 84 6443-2964
179,Noah Nunes,luizada-cruz@da.com,+55 (061) 7673-8260
180,Ana Lívia Farias,clara18@uol.com.br,+55 21 3301-9964
181,Sr. Vinicius Correia,kgoncalves@bol.com.br,+55 81 3157 5425
182,Sr. Henrique Azevedo,larissa94@peixoto.org,+55 (051) 6351 1574
183,Agatha Freitas,ana-sophia63@melo.org,84 6655 1967
184,Erick da Cruz,qlopes@moraes.br,+55 (011) 4579 8644
185,Valentina Fogaça,mmartins@souza.org,11 5489-9482
186,Mariane da Rosa,gomesluna@gmail.com,(084) 9730-6490
187,Mariana Vieira,juanfarias@uol.com.br,41 7585-4320
188,Heloísa Silva,zfogaca@da.org,+55 (041) 0196 8346
189,João da Cunha,luiz-gustavo35@uol.com.br,0300-933-5702
190,Marina Nunes,jda-costa@teixeira.com,11 8751-9614
191,Dr. Eduardo Nascimento,gustavocorreia@almeida.br,(021) 2562-5984
192,Emilly Silveira,henrique86@uol.com.br,+55 (041) 9666 5830
193,Maysa da Costa,uda-rosa@hotmail.com,31 1386 5886
194,Srta. Ana Sophia Rodrigues,piresolivia@bol.com.br,0300-291-0310
195,Cauê Costela,santosfrancisco@hotmail.com,+55 (031) 2763-8998
196,Sra. Eduarda Viana,caroline94@costa.org,71 0019 9788
197,Larissa Martins,bcorreia@hotmail.com,31 5080 1833
198,Sr. Rodrigo Castro,nathan37@gomes.com,+55 84 0739-6469
199,Vicente Campos,silveirafelipe@aragao.com,84 4333 4293
200,Carlos Eduardo Castro,nathanpinto@barbosa.com,+55 51 8285 7443
201,Benício Barros,ceciliateixeira@hotmail.com,(021) 1387 5323
202,André Lima,stephany15@da.net,(011) 8908-1477
203,Lucca Cardoso,rafaelda-conceicao@moura.org,(011) 6182-8833
204,Dr. Pietro Lima,sda-conceicao@almeida.org,(084) 0824 3756
205,Ana Julia Aragão,isabelpeixoto@nascimento.br,41 7886 8431
206,Srta. Agatha Rodrigues,diegocampos@souza.net,11 7753 1222
207,Augusto Moraes,vrezende@hotmail.com,+55 (021) 3206 1150
208,Clarice Sales,novaesmaysa@azevedo.com,11 7278 2781
209,Giovanna Silva,da-cruzleandro@uol.com.br,+55 (051) 8828-3598
210,Mariana Pires,rafaelcorreia@da.br,51 9014 4927
211,Melissa Cavalcanti,lopesisabelly@nunes.br,84 4031 4278
212,Cauê Gonçalves,zrodrigues@melo.br,61 2853 6260
213,Thales Pereira,correiaenrico@bol.com.br,+55 81 4807 5745
214,Valentina Monteiro,ysilva@ig.com.br,+55 41 5100-2457
215,Maria Clara Duarte,ramosmaria-cecilia@yahoo.com.br,41 6547 9590
216,Dra. Laura Moura,sarahfernandes@hotmail.com,+55 (084) 5389-5911
217,Samuel Costa,camila53@das.com,+55 71 2179 4522
218,Srta. Maria Eduarda Fernandes,kda-mata@bol.com.br,21 3094 9697
219,Thales Jesus,joao-guilherme25@araujo.com,61 1514-9798
220,Giovanna Correia,brenoramos@vieira.br,(061) 5667 5008
221,Laís Azevedo,dgomes@bol.com.br,+55 51 1769 1288
222,Luiz Otávio Correia,cunhalarissa@yahoo.com.br,31 4287 6927
223,Beatriz da Luz,joao-miguelporto@sales.br,(011) 9942-1485
224,Srta. Nina Costela,rafael29@peixoto.org,(061) 1356 6958
225,Bernardo Teixeira,isabellabarros@da.com,0300-442-4497
226,Evelyn Aragão,emanuellydas-neves@hotmail.com,+55 (051) 5044 1120
227,Sophie da Costa,cteixeira@gomes.com,+55 (084) 5343 5267
228,Julia da Mota,franciscoda-luz@da.com,+55 (084) 1712-5589
229,Cecília Cunha,rezendesabrina@almeida.org,(081) 6696-6360
230,Lucas Gabriel Ferreira,icostela@fernandes.org,31 4878 6209
231,Mirella Lopes,qaraujo@cardoso.org,(011) 8467 5788
232,Lucas Castro,amandada-cunha@carvalho.com,11 3961-2426
233,Valentina Silva,mouracaua@bol.com.br,(031) 3069 4875
234,João Vitor da Costa,thalesda-mata@hotmail.com,+55 (051) 1571-5281
235,Daniela Viana,camposyuri@castro.br,(084) 7475-7958
236,Ana Teixeira,erick33@uol.com.br,+55 31 2052 7098
237,Sra. Ana Cunha,ana-julia93@aragao.com,11 7991 1614
238,Isadora Sales,ofogaca@hotmail.com,(081) 3378-3607
239,Ana Júlia da Luz,silveiradaniela@peixoto.br,(021) 8014-3714
240,Nicole Fogaça,stephany40@jesus.net,+55 51 5474 4539
241,Dr. Gustavo Monteiro,olivia69@bol.com.br,(011) 0507-2721
242,Emilly Costela,sda-cruz@hotmail.com,(031) 6202-2785
243,Davi Luiz Pires,moraesjoao@da.com,+55 (081) 8782 3638
244,Srta. Eloah Viana,eda-cunha@barbosa.org,0900 468 2214
245,Pedro Miguel da Cunha,henrique14@hotmail.com,+55 11 4842 5317
246,Igor Santos,cmoura@dias.net,+55 (051) 6566 0649
247,Nicole Freitas,ana-sophia24@da.br,(051) 6959-0118
248,Cauã Jesus,kdias@ig.com.br,+55 11 9248 1686
249,Srta. Eduarda Sales,pedro79@gmail.com,71 7552-0708
250,Srta. Ana Julia Nascimento,nicolaspinto@gmail.com,+55 (011) 1614 9697
251,Davi Lucca Mendes,isadora18@uol.com.br,81 0095-3888
252,Isabella Nogueira,rsilveira@lopes.com,21 3697-2027
253,Cecília da Mata,upeixoto@bol.com.br,21 3705 9050
254,Bryan Costa,das-nevesvitor@ig.com.br,(011) 7079 9232
255,Pietro Araújo,luna07@uol.com.br,51 0110 5644
256,Alexandre Rodrigues,knogueira@gmail.com,71 7254 4506
257,Heloísa Farias,pedro-miguelpinto@nogueira.br,+55 (041) 0245-5505
258,Enzo Lopes,naragao@uol.com.br,31 8222-6787
259,Bianca Rodrigues,lavinia54@gmail.com,+55 41 2843-2760
260,Ana Lívia da Costa,ebarbosa@yahoo.com.br,(051) 8379 2278
261,Srta. Rebeca da Mota,luiz-gustavocostela@bol.com.br,(084) 8126 1324
262,Luiz Fernando Ribeiro,jmoraes@gmail.com,0300-254-2535
263,Dra. Natália da Conceição,carolina40@rocha.com,+55 (061) 4114 5849
264,Raquel da Luz,costelaluiz-henrique@ig.com.br,41 5503-2182
265,Natália Dias,marinarocha@jesus.br,0800-844-9737
266,Noah da Luz,brendaramos@da.com,+55 (011) 8100-2327
267,Sr. Luiz Gustavo Carvalho,nfreitas@ig.com.br,+55 (021) 3385-0300
268,Sarah Farias,leonardo03@teixeira.com,(011) 1033-5533
269,Caio Cavalcanti,fariasgabriela@nunes.net,+55 31 2266-8203
270,Thomas da Rocha,clara63@ig.com.br,0500-327-6575
271,Dr. Enzo Gabriel da Mata,ramospedro-lucas@bol.com.br,+55 61 4860 5011
272,Sr. Lucas Gabriel Nascimento,calebesales@gmail.com,(011) 5556-2055
273,Bárbara Nunes,marcela15@da.com,+55 (031) 4949-2701
274,Pietro Lima,fernandesbernardo@ig.com.br,11 0564-4058
275,Lorenzo da Rocha,uda-costa@hotmail.com,84 3581-2385
276,Luiza Lopes,carlos-eduardomonteiro@bol.com.br,+55 81 9973 2688
277,Pedro Lopes,rgomes@cardoso.org,0900-308-0210
278,Rodrigo Duarte,caldeirahenrique@bol.com.br,(051) 1862 6897
279,Enzo Gabriel Ramos,npinto@ferreira.br,+55 (061) 8212-5637
280,Levi da Cruz,wgomes@da.br,+55 31 2633 4426
281,Catarina Lima,idias@yahoo.com.br,71 1291 9596
282,Eduarda Costa,kaiquesouza@ferreira.org,(021) 6934 5480
283,Sofia Viana,amanda51@moraes.br,84 6494 2368
284,Renan Melo,almeidamilena@hotmail.com,81 7001 7149
285,Lara Fernandes,oliveirajoao@duarte.com,(051) 5705 7005
286,Luiza Araújo,otaviocaldeira@ig.com.br,(011) 5189 1855
287,Otávio Costela,gpinto@uol.com.br,(041) 4562 2177
288,Enzo Gabriel Azevedo,ribeiroana-julia@da.net,+55 (031) 8557 2063
289,Pedro Lucas Gomes,yfogaca@ig.com.br,+55 81 7889-9935
290,Maria Clara Rezende,nascimentodaniel@correia.com,(031) 0847 4781
291,Raul Moura,ana-lauraaragao@da.org,(051) 1535-9030
292,Bernardo Pinto,wnogueira@uol.com.br,(051) 2793-4783
293,Sra. Alexia Souza,maria-eduarda64@da.com,0500 762 7517
294,Benjamin Monteiro,ana-carolinacardoso@gmail.com,+55 (041) 9905 1269
295,Davi Luiz Aragão,fernando67@uol.com.br,0800-737-1488
296,Levi Lopes,brezende@da.com,81 7042 0557
297,Fernanda Rocha,vitoria27@bol.com.br,(071) 3028-5379
298,Vicente Teixeira,da-rochaandre@uol.com.br,(071) 4898 1965
299,Gabriel Monteiro,nsantos@monteiro.br,+55 81 6798 6782
300,Srta. Ana Carolina da Cruz,cardosojoao-miguel@costa.com,+55 (084) 9143-8349
301,Julia Nascimento,luiz-gustavo26@uol.com.br,+55 61 2594-3919
302,Thales Correia,da-rochaamanda@hotmail.com,+55 61 3018-7873
303,Mariane Peixoto,almeidajoao-vitor@uol.com.br,+55 51 5156 8956
304,Antônio Oliveira,gomesdiogo@almeida.org,61 8298-8804
305,Joana Pires,da-cunhajoao-guilherme@uol.com.br,0300 917 5033
306,Isis Barbosa,jgoncalves@ig.com.br,+55 (071) 3260-5611
307,Enrico Duarte,larissada-rocha@moraes.com,+55 (081) 2772 5649
308,Henrique Moraes,maysanovaes@silva.org,(071) 3888 3038
309,Eloah Almeida,mnunes@hotmail.com,(084) 5092 0436
310,Camila Nunes,ian50@ramos.org,84 3452-2023
311,Sr. Igor Pires,sofia60@cardoso.br,+55 71 8441-1765
312,Dr. Bryan Pires,joao45@teixeira.br,+55 (084) 3494 5053
313,Vitória Pires,da-costaenzo-gabriel@santos.com,+55 (084) 6536 1079
314,Maysa Souza,ycavalcanti@cavalcanti.br,(084) 5858-1057
315,Brenda da Mota,aliciaazevedo@ig.com.br,11 5940-6775
316,Pedro Henrique Costela,ana-liviacorreia@uol.com.br,0800-858-3547
317,Eduarda Sales,barbosamaria-luiza@hotmail.com,+55 11 2227-1305
318,Dr. Augusto Pinto,ada-paz@correia.com,+55 51 7159 7512
319,Fernanda Mendes,da-motajulia@peixoto.com,+55 61 9873 2526
320,Evelyn Campos,amendes@uol.com.br,+55 (051) 9666 2007
321,Lucas da Cunha,sazevedo@hotmail.com,+55 11 6180-1560
322,Gabriela Lima,jaragao@silva.org,0500-164-0130
323,Pedro Lopes,bmoura@uol.com.br,+55 (071) 2984 2108
324,Eduarda Moura,emanuellyduarte@da.com,61 0126-0013
325,Luiz Felipe Lopes,bfogaca@yahoo.com.br,+55 11 8643 5196
326,Pedro Miguel Vieira,ucavalcanti@hotmail.com,+55 61 3307 7473
327,Sra. Sofia da Rocha,murilo81@aragao.br,0900-866-1605
328,Agatha Souza,correiapietra@yahoo.com.br,+55 41 8707-1413
329,Bryan Martins,limavinicius@jesus.br,+55 11 1706 9404
330,Alana Moreira,almeidalucas@bol.com.br,(084) 9717 9600
331,Carolina Rocha,vianahenrique@uol.com.br,+55 41 2561 0493
332,Ana Carolina Pires,joaogomes@hotmail.com,0500-097-2090
333,Carlos Eduardo Moreira,camposrebeca@ig.com.br,11 2639-3297
334,Yasmin Fernandes,maite08@ig.com.br,21 2783-9375
335,Diogo Porto,joao-pedrodas-neves@da.br,0900-515-7315
336,Pietro Pinto,yurinunes@yahoo.com.br,+55 (031) 9073-3629
337,Joana Aragão,maria-vitoriapeixoto@caldeira.com,(084) 6787 0200
338,Rodrigo Costela,sarah14@da.com,+55 41 4347-4124
339,Isadora Castro,mariana27@vieira.com,+55 41 8956-6549
340,Calebe Santos,sda-paz@lima.com,0800-271-0849
341,Bruno da Rocha,bda-costa@barbosa.br,+55 (084) 1093-6391
342,Bruna Lopes,ana-juliaalmeida@aragao.com,(011) 5611 4740
343,Ana Lívia Caldeira,lais46@mendes.com,(061) 9775-5191
344,Eduardo Lopes,dpires@hotmail.com,0300-837-2891
345,Paulo Ramos,maria-eduardasilva@moreira.br,+55 (061) 4593-3063
346,Letícia Barbosa,davi-luiz59@gmail.com,0300 621 3263
347,Amanda Teixeira,vitoriaoliveira@correia.br,(021) 8922 3757
348,Ana Júlia Vieira,oliveiravitor-hugo@azevedo.com,81 0211 0352
349,Sr. Arthur da Cunha,ana-laurada-mata@bol.com.br,0300-819-8866
350,Ana Clara Ferreira,martinsjoao-felipe@gmail.com,81 4879 4499
351,Mariana Freitas,laura04@bol.com.br,+55 84 6818-2474
352,Juan Pires,renan57@gmail.com,+55 (011) 9183 7125
353,Henrique Freitas,luiza77@pires.org,+55 71 1536-5350
354,Maria Vitória Ramos,ymartins@castro.br,+55 (021) 9804 8969
355,Otávio Sales,vitoria34@araujo.org,+55 (081) 0672-2417
356,Sra. Maria Julia Monteiro,yuri75@yahoo.com.br,84 5280 8969
357,Yago Monteiro,fernando53@uol.com.br,+55 (041) 6250-9218
358,João Pedro Oliveira,andresales@costela.br,0300-824-3796
359,Alexandre da Mota,dpeixoto@gmail.com,+55 (031) 4361 3711
360,Maria Luiza Costela,vinicius35@araujo.com,+55 (081) 8717-0604
361,Natália Mendes,gustavo-henriquecaldeira@martins.br,84 6618-4576
362,Antônio da Conceição,jfarias@yahoo.com.br,+55 (031) 7443 2484
363,Pietro Araújo,barrosrebeca@cardoso.br,+55 (081) 5676-4609
364,Leonardo Monteiro,da-rochaevelyn@pires.br,+55 31 6297-9255
365,Maitê Novaes,sarah01@ramos.com,+55 (041) 0128-9773
366,Larissa Rezende,maria-clarapinto@rezende.br,41 5829-4313
367,Sr. Renan das Neves,umoura@dias.net,84 3382 9377
368,Dra. Clara Campos,arthurfogaca@dias.br,(061) 3587-9921
369,Maria Alice Castro,costelaraul@ribeiro.br,+55 11 2558 9908
370,Brenda Santos,cferreira@monteiro.br,41 5247-4132
371,Enzo Aragão,joao23@cardoso.com,11 6344 1905
372,Fernanda Farias,souzaana-luiza@lopes.br,21 5536 3289
373,Anthony Nogueira,milena79@oliveira.net,(061) 2951-5891
374,Lavínia Farias,osouza@da.br,(011) 7689-6556
375,Maria das Neves,cauacarvalho@bol.com.br,+55 (051) 3544-9531
376,Mariane Pinto,barbarasilveira@goncalves.net,+55 61 3844 0318
377,Luiza da Cruz,helenaalmeida@castro.com,+55 21 3487-2841
378,João Gabriel Moraes,claracavalcanti@viana.com,81 9205 3046
379,Alexia Fernandes,luiz-felipemoura@dias.com,21 5823-1516
380,Nicole Fogaça,maria-vitoriavieira@campos.com,(081) 5922 4269
381,Dr. Augusto Viana,almeidapaulo@yahoo.com.br,21 5230 0914
382,Sra. Maitê da Rocha,tmoreira@uol.com.br,(081) 0161-6773
383,Sarah Azevedo,davi72@souza.com,+55 (061) 7492 0644
384,Luiz Otávio Lopes,freitasvalentina@uol.com.br,51 2718 9025
385,Milena Porto,danilo00@vieira.br,(061) 2456-4093
386,Alícia Fernandes,alexandregoncalves@bol.com.br,+55 (084) 0494-5989
387,Dra. Sarah da Luz,lorenzolopes@silveira.br,+55 (084) 7257-0679
388,Vitor Ramos,olivia11@vieira.br,84 5387-9396
389,Isaac Nunes,rcosta@moreira.com,+55 (051) 6448-3739
390,Dra. Laura Alves,alexia24@da.br,+55 (031) 9180 7098
391,Vinicius Nunes,zda-cruz@da.com,+55 21 7113 7321
392,Ana Julia Fernandes,benjamin33@uol.com.br,+55 84 1238-6547
393,Dr. João Costa,maria-luiza06@bol.com.br,(031) 8132 0510
394,Bernardo Moraes,hlopes@moraes.br,(081) 6450-1481
395,Henrique Cardoso,ferreiralavinia@monteiro.net,+55 (041) 2485 7968
396,Juliana Gonçalves,joao-vitor46@gmail.com,(061) 1886 2145
397,Pietra Barbosa,ana-sophiateixeira@yahoo.com.br,+55 71 5996-3395
398,Pietra Porto,ssantos@uol.com.br,+55 (061) 7621 8879
399,Cauã Gonçalves,qmartins@cardoso.br,71 5330 7822
400,Helena Cardoso,amelo@campos.org,+55 41 3003-7825
401,Yuri Moraes,isabellyribeiro@mendes.br,(081) 6692 2299
402,Olivia Fernandes,sarahda-cruz@gmail.com,+55 51 1806 0842
403,Caio Almeida,eda-paz@bol.com.br,(011) 4683-1083
404,Thiago Nascimento,souzaheitor@cardoso.org,+55 84 6592 1031
405,Nicole Cardoso,vitor-hugo21@da.br,+55 31 0107-1466
406,Calebe Ribeiro,mazevedo@aragao.br,(051) 9951-7748
407,Sarah Barbosa,noahjesus@cunha.com,11 1101 2097
408,Francisco Porto,jesusgustavo@vieira.com,0800 721 5791
409,Rebeca Cardoso,luizanunes@uol.com.br,51 0524 7249
410,Ian Santos,luna47@carvalho.org,+55 (041) 3057-7612
411,Enrico Fogaça,mariana02@goncalves.com,+55 61 3700-5573
412,Nicolas Nogueira,leticia52@gmail.com,+55 (071) 5030-5171
413,Marcos Vinicius Fogaça,bryan10@gmail.com,(041) 0766-5262
414,Vitor Gabriel Alves,juliaaragao@ig.com.br,(071) 3121 5138
415,Leonardo Araújo,marcos-viniciusda-cruz@gmail.com,0500 040 0439
416,Alana Rocha,evelyn39@lima.br,(011) 1121 6043
417,Ryan da Mata,portovitoria@yahoo.com.br,(081) 4788-8347
418,Olivia Nunes,vda-luz@bol.com.br,41 9573 9840
419,Diego Carvalho,brendada-rocha@correia.br,+55 (041) 3444-7124
420,Thomas Cardoso,udas-neves@gmail.com,+55 (031) 1287-4505
421,Danilo Gomes,nataliada-cruz@da.com,+55 61 6161-9772
422,Maria Rodrigues,ribeirolorena@jesus.br,+55 (061) 6136 3905
423,Stephany Costela,salescamila@uol.com.br,(041) 9151-0264
424,Srta. Ana Vitória Pinto,peixotoantonio@cardoso.br,+55 51 1314 6412
425,Bruno Farias,renan73@hotmail.com,+55 61 1506-1924
426,Ana Carolina Moraes,caldeirasarah@ig.com.br,+55 81 8455 2666
427,Bruna da Costa,cmoreira@yahoo.com.br,0900-224-5756
428,Cauê Duarte,fernando93@da.br,(031) 7269-2806
429,Sophia Caldeira,calebemoraes@hotmail.com,51 8277 5459
430,Raquel da Cruz,lucas-gabriel66@da.net,+55 (011) 7673-1439
431,Giovanna Souza,costaclara@lopes.com,+55 84 8511 7849
432,Isabel Gomes,daniela71@uol.com.br,0900 274 5317
433,Antônio Pires,da-rochajoao-miguel@das.com,(011) 8064-2944
434,Ana Carolina Cavalcanti,vitor-hugo29@castro.br,84 2232 5846
435,Luna Rezende,rezendevalentina@ig.com.br,51 6144 0538
436,Pedro Miguel Santos,vianapedro@rezende.br,(011) 2856-3404
437,Bianca Aragão,luanagomes@moraes.br,11 8000 7752
438,Ana Sophia Carvalho,mourayuri@ig.com.br,+55 61 0269-0534
439,Maria Luiza Farias,nascimentoryan@peixoto.com,+55 21 1888-5413
440,Dr. Danilo Santos,peixotokevin@hotmail.com,+55 (071) 9419 4058
441,Gustavo Nogueira,ian46@yahoo.com.br,+55 (084) 4903-4631
442,Larissa Costa,brodrigues@uol.com.br,+55 (011) 6291 5246
443,Gabriel Mendes,ferreiravinicius@uol.com.br,(071) 2776 0949
444,Rebeca Fogaça,znunes@correia.org,+55 11 8351 3939
445,Sra. Valentina Silveira,vianabryan@bol.com.br,(011) 7827 6560
446,Sarah Novaes,noah80@rocha.com,+55 (031) 0888 7063
447,Dr. Luiz Henrique Porto,osilveira@ig.com.br,+55 (084) 1547 7237
448,Raquel Nunes,limaalicia@yahoo.com.br,0900-429-2754
449,Srta. Helena Cardoso,clarice97@hotmail.com,+55 11 7506-1041
450,Guilherme da Paz,antonio84@barros.com,+55 (081) 8993 8925
451,Gustavo Henrique Silveira,fcampos@yahoo.com.br,+55 (021) 1587-1674
452,Maria Fernanda Peixoto,cavalcantiarthur@da.com,+55 31 8367 4209
453,Danilo Barros,souzaluiz-fernando@yahoo.com.br,+55 (081) 1608-0781
454,Gabriel Cavalcanti,davi-lucasnogueira@souza.br,+55 21 8189-0999
455,Maria Eduarda Nunes,lucas09@yahoo.com.br,11 8448 4585
456,Sra. Raquel Duarte,ynascimento@bol.com.br,+55 (081) 2493 3766
457,Srta. Natália Almeida,maria-cecilia78@gmail.com,+55 (041) 8941-2759
458,Calebe Lopes,davi-luccasouza@gmail.com,+55 61 1828-5635
459,Clara Silva,vieirahenrique@bol.com.br,(071) 8657-3870
460,Ana Laura da Cruz,piresbarbara@da.net,+55 (031) 4325 2684
461,Vitória Freitas,camila76@yahoo.com.br,+55 (021) 7763 3581
462,Luiz Miguel Porto,arthurda-luz@ig.com.br,0800 453 9040
463,Dr. Thiago Campos,olivia08@bol.com.br,61 9478 4523
464,Benício Monteiro,xaragao@alves.org,(021) 9107 2322
465,Sr. Luiz Henrique Lima,alexia14@araujo.com,+55 71 1497-5513
466,Beatriz Ferreira,emanuellaporto@monteiro.com,41 8360-6152
467,Luana Freitas,heloisa84@uol.com.br,+55 (081) 5254-2140
468,Sra. Ana Lívia Freitas,lais15@cunha.com,+55 81 2868 2006
469,Heloísa Novaes,erickda-rosa@costa.com,21 4886-3720
470,Raquel Ramos,freitasalicia@santos.br,+55 (021) 0761-7686
471,Diego da Paz,lucasvieira@da.com,+55 51 2199 7838
472,Laís Araújo,carolinaramos@duarte.br,0300 191 7722
473,Sra. Maria Lopes,lopesmaria-cecilia@uol.com.br,81 0376-3170
474,Isabella Porto,goncalvesrafael@bol.com.br,+55 (041) 0916 9441
475,Ana Cardoso,yviana@bol.com.br,84 0049 1010
476,Dr. Guilherme Gomes,eda-cunha@gmail.com,61 2962 0503
477,Lucas Gabriel Cardoso,larissamonteiro@ig.com.br,51 6999 7304
478,Ana Lívia Moreira,ryancunha@ig.com.br,(084) 0810-2587
479,Gabriela Porto,camposluigi@caldeira.com,71 4415 9489
480,Fernando Barros,xazevedo@bol.com.br,+55 81 7185 9195
481,João Gomes,fribeiro@uol.com.br,+55 (084) 0489-7707
482,Luna Souza,da-luzana-luiza@farias.br,+55 51 9927 3109
483,Caroline das Neves,lda-cruz@lima.br,61 4979-7725
484,Rebeca Sales,ccorreia@yahoo.com.br,+55 61 2769 2071
485,Sr. Felipe da Costa,ryan75@yahoo.com.br,+55 (071) 0351 4710
486,Yasmin Freitas,drocha@farias.org,71 7305-3897
487,Sophie Costa,oliveirayago@hotmail.com,(071) 9806 3425
488,Sabrina Caldeira,apereira@mendes.br,0800-675-2390
489,Rafaela Campos,maria-clara04@bol.com.br,+55 (084) 7272 2422
490,Luiz Miguel Silva,araujomaria-alice@bol.com.br,+55 (061) 0054-0738
491,Juliana Mendes,emanuel13@da.br,+55 (031) 1987 7145
492,Evelyn Fernandes,vitoriacosta@uol.com.br,11 3873-8961
493,Dr. Matheus Campos,renanmartins@dias.br,(081) 3864 8557
494,Luiza Costa,marcelalopes@costela.br,+55 11 2883 0502
495,Lucas Gabriel Carvalho,bryannascimento@oliveira.br,11 8403-1832
496,Kevin Mendes,unovaes@gmail.com,+55 84 9567-4167
497,Cauê Viana,benjamin44@bol.com.br,+55 (061) 4357 2863
498,Ana Júlia Fogaça,jesusisabel@uol.com.br,(051) 1706 9359
499,Mariane Peixoto,sarahporto@martins.br,0800-578-2557
500,Ana Carolina Cavalcanti,lucas-gabriel75@hotmail.com,31 6641-9664
501,Vitor Costa,nda-cruz@cardoso.br,+55 61 6996-3625
502,Dr. Rafael Ribeiro,hviana@souza.com,41 0204 8985
503,João Miguel Pinto,andre19@gmail.com,+55 51 2425 5227
504,Juan Ribeiro,lramos@uol.com.br,+55 (041) 8598 6168
505,Igor Rocha,franciscoda-cunha@silveira.com,(061) 9169 8533
506,Dr. Lorenzo Oliveira,camila96@yahoo.com.br,0800 139 9117
507,Ana Sophia Fogaça,andre82@bol.com.br,(031) 5700 1093
508,Vitor Hugo das Neves,lorenarodrigues@ribeiro.com,84 1859-7866
509,Sra. Maria Sophia Carvalho,ssales@uol.com.br,(081) 7564 4374
510,Marina Alves,thales38@moraes.com,11 9772-0055
511,Giovanna Correia,renan64@costa.com,+55 71 2899-4107
512,Sabrina Vieira,mmoraes@oliveira.net,+55 (021) 7254-5348
513,Marcos Vinicius Gomes,joao-guilhermelima@caldeira.net,(031) 8803-6195
514,Vitor Hugo Campos,alanapires@da.net,0900 276 3965
515,Nicolas Gonçalves,emilly30@uol.com.br,(011) 5117-6306
516,Lorena Gonçalves,da-costahelena@azevedo.net,+55 84 3514-3172
517,Levi da Rocha,gabriela01@uol.com.br,61 5811 6269
518,Maria Fernanda Cavalcanti,nogueiracaua@vieira.br,+55 (021) 3636 3450
519,Agatha Rodrigues,dduarte@viana.com,+55 (061) 3065-3339
520,Rafaela Freitas,maria-luizaalmeida@yahoo.com.br,(061) 4691 8093
521,Luna Gonçalves,marinasouza@barros.com,31 3301-0216
522,Luana Nogueira,dcastro@pereira.br,+55 11 1577 8305
523,Isabel Rodrigues,lais09@cardoso.com,+55 84 9571 6570
524,Emanuel Costa,gomescalebe@da.br,51 6639 5323
525,Antônio Teixeira,da-rochadavi-lucca@farias.org,(071) 7890-4275
526,Agatha Porto,lucas-gabrielviana@da.com,(084) 0395 1268
527,João Vitor da Luz,xsales@moura.org,(051) 0848 9837
528,Vitória Cardoso,dmoura@da.br,+55 (051) 6109-5358
529,Dra. Maria Cecília Gonçalves,emanuella82@lima.br,(084) 3900 0342
530,Murilo Freitas,evelyn35@pinto.com,41 3303 4727
531,Davi Lucas Nogueira,luiz-miguelbarbosa@rezende.com,84 2147-0923
532,Dr. Bernardo da Mota,ana-sophia81@da.br,+55 (021) 3263-1860
533,Maria Sophia Alves,da-cunhamanuela@jesus.br,+55 (011) 3089-0024
534,Dr. Kaique Novaes,acarvalho@da.net,0300-144-9674
535,Luiz Miguel da Paz,luiz-otavioda-rocha@das.com,(084) 1519-6146
536,Dr. Vicente Porto,jpinto@silva.br,41 5167-6120
537,Maria Alice Moura,pintoheitor@bol.com.br,+55 61 4284-4567
538,Dr. Miguel Vieira,valentinajesus@silva.net,+55 11 5953-1501
539,Vitória Aragão,leandrocaldeira@barros.br,21 6834 5393
540,Thomas Freitas,jesuscaio@ig.com.br,(081) 7192 8153
541,Sr. Felipe Carvalho,sophiabarros@pires.net,+55 (071) 1786 2117
542,Bárbara Barros,tteixeira@hotmail.com,51 2411 4503
543,Sr. Renan Pires,elisanogueira@mendes.br,81 5009 1221
544,Letícia Ferreira,fariasana@lopes.net,+55 (071) 2930-4548
545,Dra. Gabrielly Moura,nda-costa@ribeiro.com,+55 (011) 1318-4824
546,Julia Sales,nogueiraluiz-gustavo@farias.br,+55 61 4393 3499
547,Ana Teixeira,fernandesmelissa@gmail.com,(071) 3866 2054
548,Júlia Porto,juliadas-neves@uol.com.br,+55 (021) 8350-6736
549,Sabrina Moreira,ana-lauradias@bol.com.br,(041) 6341-8602
550,Srta. Gabrielly Moura,ana-liviada-costa@ig.com.br,81 0605-1477
551,Esther Cardoso,da-conceicaolais@das.com,+55 (081) 8566-8838
552,João Gabriel Vieira,epereira@hotmail.com,(071) 4185-9671
553,Pietro Barbosa,ana-juliagoncalves@cardoso.com,+55 (031) 1187 6882
554,Maria Cecília Mendes,cunhathiago@ig.com.br,0500-461-1919
555,Maitê Cardoso,vitor-gabriel59@uol.com.br,+55 81 5594-0100
556,Pedro Lucas da Cunha,melissanascimento@yahoo.com.br,(031) 7691-8881
557,Sr. Alexandre Sales,ana-livia24@peixoto.com,+55 61 3207 5962
558,Diogo Ferreira,ana18@bol.com.br,(084) 0908-7506
559,Renan Nunes,luigi46@gmail.com,+55 21 2785-6905
560,Ana Carolina Duarte,eduardo89@yahoo.com.br,(031) 7701-2239
561,Augusto da Costa,sophiemendes@ramos.com,41 7820-9302
562,Felipe da Cruz,smonteiro@melo.com,+55 (051) 9605 0876
563,Manuela da Mota,enzosouza@bol.com.br,(041) 3800-1213
564,Vitor Hugo Barbosa,vjesus@ig.com.br,+55 51 3258 2192
565,Eduardo da Costa,mouracarlos-eduardo@gmail.com,51 4911 3191
566,Sophia Rezende,da-costadavi@bol.com.br,+55 11 6321 3057
567,Diogo Ramos,dmartins@hotmail.com,+55 61 6420 8174
568,Isabel Fernandes,melissavieira@bol.com.br,+55 41 3363 4872
569,João Azevedo,davi-luiz23@gmail.com,(061) 9564 0930
570,Dr. Antônio das Neves,joaquimda-rocha@yahoo.com.br,0300 273 8047
571,Letícia da Rocha,marcela03@yahoo.com.br,(071) 3582 6588
572,Marcos Vinicius Carvalho,barrosmaria-alice@bol.com.br,+55 (051) 7645-9485
573,Dra. Laura Oliveira,bsouza@cavalcanti.com,+55 71 7714 7977
574,Lucas Gabriel Almeida,marianeda-paz@souza.com,(061) 4822 3206
575,Bruna Ribeiro,yurisilva@cardoso.org,71 7695-3797
576,Danilo Alves,larissarezende@ig.com.br,0300-780-4752
577,Erick Rodrigues,eloah26@hotmail.com,81 7458 6102
578,Sr. Raul da Luz,santosdaniela@ribeiro.br,+55 31 9642-9067
579,Lívia Barbosa,pedro-miguel05@correia.br,41 9986-6333
580,Gustavo Cardoso,thomas19@uol.com.br,0900-630-8586
581,Davi Luiz Pinto,benjamin00@martins.com,(051) 9010-3888
582,Cauê Costela,bianca87@ig.com.br,+55 (081) 3362 4086
583,Luiz Henrique Costa,ana-vitoria26@bol.com.br,41 6568 9287
584,Bernardo da Rocha,melobernardo@da.br,11 1725 9013
585,Carolina Pinto,isabella02@hotmail.com,71 5381 7667
586,Bruno Correia,mendesguilherme@ig.com.br,+55 21 3149 9646
587,Luiza Azevedo,teixeiramarcela@uol.com.br,+55 (081) 9537 7541
588,Carlos Eduardo da Conceição,brunapinto@campos.com,(061) 1291 5348
589,Sr. Caio da Mata,pcastro@das.com,+55 11 7607 0935
590,Vitor Hugo Monteiro,limaluna@uol.com.br,41 8305-7395
591,Felipe Lima,cardosogabriela@uol.com.br,+55 71 0715 0184
592,Carolina Martins,clarice38@yahoo.com.br,0900 911 7495
593,Sabrina Farias,nicolas33@ig.com.br,41 4891 2178
594,Luiz Fernando Sales,lucas-gabrielda-cruz@ig.com.br,(021) 6333 1648
595,Kaique Correia,joanacostela@ig.com.br,+55 61 9505-0144
596,Isis Barros,silveiracaroline@cunha.br,+55 51 6138 5406
597,Nina Costa,qazevedo@da.com,+55 (021) 7694 6893
598,Thales Castro,caua44@ig.com.br,(084) 2395-6931
599,Levi Viana,gnunes@uol.com.br,+55 61 5417 7793
600,Lara Silva,joaquimsouza@ribeiro.org,+55 71 0966-4662
601,Heloísa Mendes,zpinto@almeida.br,0500 809 3410
602,Sr. Gustavo Duarte,moraescaua@moraes.br,41 3895-7913
603,Sr. Gustavo Mendes,ramosryan@hotmail.com,71 1402-9940
604,Carolina Viana,uviana@viana.com,0500-179-0873
605,João Gabriel Rodrigues,rodriguessophia@hotmail.com,+55 (061) 6004-9670
606,Miguel Nunes,jcosta@goncalves.com,(031) 9406-8738
607,Davi Luiz Alves,arthur29@gmail.com,+55 (041) 4477-5917
608,Alana da Cunha,davi-lucasdias@pereira.com,+55 (051) 5420-6860
609,Maitê Monteiro,rafaelada-rocha@das.org,+55 31 3895 3921
610,Clarice Pereira,enricocardoso@novaes.org,+55 (081) 6633 9758
611,Dr. João Felipe Cardoso,helena39@jesus.net,(031) 1364-3622
612,Diego Moreira,fernandomoraes@vieira.com,+55 (031) 2394 3567
613,Gustavo Henrique Almeida,lazevedo@yahoo.com.br,+55 51 4408 9887
614,Heloísa da Cruz,ana-liviaribeiro@gmail.com,(031) 0901-6203
615,Sarah Moura,steixeira@martins.org,+55 81 0901-1210
616,Breno Fogaça,lorenzoda-rocha@monteiro.org,81 8236 0466
617,Emanuella Dias,igorcostela@ferreira.net,+55 51 4980 8039
618,Henrique Caldeira,caleberodrigues@ferreira.com,84 3108-8305
619,Julia Castro,maria-luizarocha@uol.com.br,84 2655-1154
620,Daniela Silveira,rodrigomoreira@caldeira.org,31 7995 0578
621,Catarina Nogueira,amanda82@da.org,41 2145-6412
622,Isaac Campos,nteixeira@martins.net,(031) 5998-2127
623,Enzo Gabriel Lopes,emanuellada-cruz@duarte.br,0500-797-0683
624,Davi Monteiro,yago25@goncalves.com,(071) 0758-4118
625,Cecília Rezende,da-cunhapedro-lucas@barros.br,71 4680 9274
626,Lorenzo Campos,murilo09@novaes.org,(061) 3259 3810
627,Isabella Viana,martinsdaniela@bol.com.br,+55 51 4797 7975
628,Lorena Moura,elisa12@uol.com.br,(021) 6843-9770
629,Benjamin Moraes,fcunha@ig.com.br,(071) 8079 0721
630,Thomas Araújo,luiz-gustavo68@hotmail.com,11 5186 9632
631,Dr. Juan Correia,kalves@vieira.com,+55 61 8174 5804
632,Luiz Gustavo da Paz,heloisasilveira@ig.com.br,+55 61 6761-3366
633,João Vitor Gonçalves,isabellydas-neves@jesus.br,0800-170-8903
634,Sra. Ana Clara da Cunha,breno93@hotmail.com,(084) 4758 1770
635,João Gabriel Rocha,teixeirapedro-lucas@oliveira.net,21 9856 8340
636,Clara da Costa,vduarte@uol.com.br,(051) 6430 9657
637,Luiza Mendes,ana-carolina82@da.com,(011) 5366 9045
638,Helena Araújo,tnascimento@hotmail.com,+55 31 9215-6974
639,Dr. Emanuel das Neves,thiago99@moreira.com,81 0942 8450
640,Marcela Teixeira,henriquenogueira@da.br,+55 81 2355 9677
641,Dr. Lucca da Luz,araujosofia@hotmail.com,31 0646-4784
642,Lorena Dias,maria-fernandanogueira@yahoo.com.br,0800-257-9340
643,Sra. Milena Barbosa,cecilia26@ig.com.br,41 2601 2559
644,Maria Eduarda Nascimento,valentinada-cruz@moura.com,+55 (051) 6661 3136
645,Sr. Luiz Felipe Araújo,igorda-mata@gmail.com,+55 11 3175-3597
646,Beatriz Ramos,anthonycaldeira@correia.br,+55 (031) 4225-8051
647,Luigi Gomes,evelyn48@duarte.com,84 8525-4389
648,Ana Peixoto,iaraujo@ig.com.br,84 5445 7536
649,Nina Alves,barbosaana@yahoo.com.br,(051) 2121 2399
650,Murilo Rezende,fsales@duarte.net,41 9085-2032
651,Dr. Lucas Rezende,mariamoura@gmail.com,(051) 6757-6625
652,Ana Sophia Silveira,santoslucas-gabriel@yahoo.com.br,71 0814-5375
653,Ana Luiza Rezende,melissa98@cardoso.br,(011) 3356-9001
654,Alícia Almeida,rodriguesmariana@hotmail.com,0300-144-0575
655,Felipe Jesus,danielada-mota@caldeira.br,+55 71 1830-8359
656,João Miguel Farias,alveskaique@araujo.com,+55 84 1439 4729
657,João Felipe da Paz,vicentecampos@bol.com.br,71 8387 5136
658,Emilly Caldeira,moreirabryan@alves.br,+55 31 0713 5925
659,Caio Caldeira,mporto@hotmail.com,0900 051 3329
660,Pietro Cardoso,portogabrielly@lima.com,+55 21 0469-3957
661,Enzo Barros,oliveirapietra@uol.com.br,11 8913 3459
662,Caroline Pereira,joao-felipe20@bol.com.br,(081) 4541 8589
663,Rafael Ramos,rpereira@gmail.com,+55 84 6410-0458
664,Sophie Freitas,enzogomes@almeida.br,+55 41 6183-3333
665,João Guilherme Barbosa,alanada-mota@barros.org,(061) 6561 9020
666,Ana Farias,cviana@azevedo.com,+55 71 1603-7229
667,Srta. Giovanna Farias,emanuelly72@ig.com.br,+55 (081) 9609-2588
668,Yasmin Pinto,leonardo29@bol.com.br,(041) 3261 8832
669,Isadora Costa,carolineda-mota@ig.com.br,(081) 1430-3991
670,Maria Sophia da Paz,barbosacaua@ig.com.br,31 5872-8831
671,Sra. Clarice Jesus,da-cruzlavinia@pires.com,+55 51 3005 8847
672,Dra. Pietra Duarte,joao-pedrocostela@aragao.br,(051) 9926 9934
673,Juan Monteiro,oda-luz@caldeira.com,0300-935-4683
674,Leandro da Rosa,lara29@bol.com.br,11 2873-4406
675,Leonardo Viana,maria-juliafogaca@yahoo.com.br,0900-344-1884
676,Anthony Sales,sofia39@fogaca.br,+55 (084) 5284-5613
677,Daniel Dias,pda-cruz@fogaca.br,+55 (051) 3291 6424
678,Laís da Costa,da-rosalara@ig.com.br,0800-969-8417
679,Maitê Lopes,lnogueira@uol.com.br,+55 21 4063 8035
680,Maria Clara Azevedo,enascimento@santos.com,+55 (011) 0423 2192
681,Dra. Amanda Freitas,thalessales@fogaca.org,(011) 7121-8640
682,Maria Sophia Costela,henrique98@rocha.org,+55 81 9349-1351
683,Luiz Felipe Novaes,bcavalcanti@novaes.com,81 2632 4002
684,Enzo Gabriel Silveira,maysa86@da.net,+55 (031) 0914-9345
685,Leonardo Nunes,oda-mata@ig.com.br,(021) 5034-8641
686,Gabrielly Azevedo,pedro-lucasporto@porto.net,+55 71 4667 3527
687,Calebe Almeida,das-nevesmariane@freitas.com,51 0256 8951
688,Murilo Ribeiro,fernanda21@uol.com.br,+55 84 8225-7908
689,Maria Eduarda das Neves,barbosacaio@da.org,+55 84 9746 8033
690,Sra. Olivia Caldeira,lbarbosa@ig.com.br,+55 84 6003-0229
691,Dra. Rebeca Silva,luiz-henriqueramos@ig.com.br,0300-647-9887
692,Pedro Henrique Monteiro,andregomes@rodrigues.com,84 1937-1139
693,Joana Cardoso,rochamaite@ig.com.br,+55 41 8367 0164
694,Agatha Ramos,benicio08@yahoo.com.br,31 7439-2782
695,Dr. Heitor Carvalho,ana-beatriz54@gmail.com,51 8694 9230
696,Luiza Caldeira,abarros@da.net,0500-783-9331
697,Diogo Souza,joanada-cruz@cavalcanti.com,(081) 2831-1004
698,Maria Cecília Fernandes,santosthiago@nunes.org,(061) 3787 9915
699,Benjamin Almeida,luna48@da.com,(041) 4259 8478
700,Maitê da Conceição,maria-fernandaribeiro@viana.br,+55 11 9127 0739
701,Maria Luiza Monteiro,azevedoamanda@bol.com.br,+55 (081) 4158 8729
702,Pedro Oliveira,daniel78@uol.com.br,+55 41 2620 0153
703,Maria Cecília Campos,camposisaac@vieira.br,(061) 2211-3471
704,Ian Campos,raquel05@porto.br,+55 41 1242-5906
705,Ana Carolina da Paz,joao-guilhermedias@novaes.com,61 8686-3124
706,Rebeca da Cruz,caua36@cardoso.net,(031) 8902 4484
707,Caroline Pinto,qcastro@uol.com.br,+55 31 9506-1003
708,Beatriz Moreira,alexia21@fogaca.br,+55 31 8551 8710
709,Dr. Breno Cardoso,maria-juliabarbosa@cunha.org,+55 31 9866-9977
710,Murilo Duarte,joao-miguelcosta@uol.com.br,+55 21 5267 0899
711,Evelyn Fernandes,clarice33@silva.com,(081) 4145 6630
712,João Cunha,rodrigoda-mota@bol.com.br,61 2471 5239
713,Maria Julia Correia,ncaldeira@gmail.com,(051) 3627 6483
714,Dra. Valentina Teixeira,maria-vitoria61@uol.com.br,+55 (031) 8654 1941
715,Pedro Lucas Fernandes,miguel34@mendes.br,0300 854 7526
716,Vitor Hugo Moreira,ana-vitoriaferreira@sales.br,+55 21 6052-0022
717,Noah Moura,da-cruzmatheus@yahoo.com.br,51 6043 4323
718,Cauã Rodrigues,stella30@moraes.com,(011) 2636 5973
719,João Vitor Duarte,almeidadavi-luiz@rezende.org,+55 (081) 9631-3000
720,André Barros,leticiamoreira@da.com,+55 84 4501-8755
721,Sr. Cauê Teixeira,frocha@yahoo.com.br,0300-552-3077
722,Isabel Pires,nuneslorenzo@nogueira.org,+55 31 7794-8218
723,Leandro Costela,qmonteiro@ribeiro.br,(041) 2660 8311
724,Alana Rocha,clara06@hotmail.com,61 6880 1022
725,Emanuelly Nogueira,jda-cunha@hotmail.com,+55 (084) 7495-7088
726,Danilo Rocha,stephany36@almeida.net,11 3575-9182
727,Thales Jesus,kevinduarte@ig.com.br,+55 (031) 8686-0944
728,João Vitor Rezende,rda-rocha@gomes.br,(031) 6620-5850
729,Juliana Jesus,camposcaio@barros.com,+55 (031) 7921 6953
730,Thales das Neves,portoalexandre@ig.com.br,+55 (061) 8349-7166
731,Nathan Teixeira,andregoncalves@gmail.com,21 6969-8791
732,Diego Silveira,yago05@uol.com.br,(041) 3475 4685
733,Pedro Henrique Gomes,ana-vitoria88@hotmail.com,41 5530-8386
734,Dr. Leonardo Fernandes,joao-gabriel46@da.org,+55 (011) 4434-1665
735,Clara Gomes,dcardoso@hotmail.com,+55 11 9876-4528
736,Samuel Oliveira,diegocaldeira@yahoo.com.br,21 2238-7848
737,Emilly Cardoso,kevin76@bol.com.br,+55 (031) 0781 8948
738,Bianca da Rosa,lais95@monteiro.br,+55 11 5870-4504
739,Lívia Pinto,gcaldeira@das.br,31 7512 3777
740,Ana Laura Costa,arthur84@pereira.net,+55 (084) 9382 7415
741,Laís Nunes,lpeixoto@gmail.com,+55 41 2701 4215
742,Kevin Pires,leticiasales@rodrigues.org,31 5532-5069
743,Ana Vitória Azevedo,jesusbrenda@martins.com,0900 164 1308
744,Dr. Luiz Otávio Carvalho,arezende@rezende.com,+55 81 1265 5650
745,Nathan Martins,aliciada-costa@hotmail.com,84 7905-1357
746,Dra. Raquel Rodrigues,icarvalho@yahoo.com.br,0800-114-8224
747,Isaac Gonçalves,carolina32@peixoto.com,0300 590 2384
748,Mirella Nogueira,naragao@barros.br,+55 (051) 6351-7812
749,Luiz Otávio da Mota,isouza@nunes.com,(084) 8470 9604
750,Dra. Maitê das Neves,moreiracaroline@lopes.com,0300-458-6488
751,Ian Porto,marina94@porto.com,+55 41 7200-0345
752,Marcelo Teixeira,heloisarodrigues@vieira.net,(081) 6484-8782
753,Yuri Pires,teixeiramatheus@costa.br,0900-827-6642
754,Ana Luiza Araújo,ninada-luz@uol.com.br,(081) 6175-5424
755,Bernardo Viana,da-luzvitor@azevedo.br,+55 11 4015 4256
756,Dra. Ana Clara Rocha,luana44@pinto.com,+55 (021) 5530-8612
757,Srta. Isabelly da Mota,dlima@hotmail.com,+55 41 8280 4632
758,Dra. Laura Novaes,nascimentothomas@da.com,+55 (031) 1671-2455
759,Diogo Silveira,vianafernando@hotmail.com,84 7680 5539
760,Elisa Cardoso,natalia55@hotmail.com,+55 81 8927-7718
761,Gabriela Azevedo,dpinto@ig.com.br,0300-309-6716
762,João Guilherme Azevedo,fariaspedro-henrique@da.com,0500-626-3036
763,Amanda Mendes,joao-miguel32@araujo.com,(021) 5241 7774
764,Srta. Camila Pereira,unascimento@yahoo.com.br,(084) 7606-5814
765,Maria Fernanda da Cruz,rmoraes@da.br,+55 (011) 8025-0552
766,Yuri Caldeira,jcastro@bol.com.br,+55 (031) 0380-5287
767,Sra. Alexia Araújo,portoigor@hotmail.com,(084) 7904-0670
768,Eduardo Castro,kmoura@cardoso.org,81 1811 7349
769,Ana Júlia Cardoso,kaique06@bol.com.br,11 6177-9269
770,Arthur Cunha,maria-fernanda89@ribeiro.com,(031) 0549 8976
771,Ana Beatriz Rodrigues,tmartins@bol.com.br,0900-816-8047
772,Bryan Rezende,alicialopes@ig.com.br,+55 41 5708 4849
773,Vinicius Cardoso,costelafernanda@aragao.br,84 5819-6555
774,Lorena da Cunha,fernandesluiz-henrique@hotmail.com,+55 (071) 7417-4789
775,Srta. Agatha Cardoso,santosryan@costa.com,0300 275 0388
776,Laís Dias,kevin99@bol.com.br,(011) 2730-3988
777,Gabrielly Moraes,luiz-felipegoncalves@yahoo.com.br,+55 (071) 5802-6724
778,Enrico Rodrigues,dcardoso@porto.org,+55 61 2507-2789
779,Cecília Gonçalves,qsilveira@gmail.com,+55 31 3719 8092
780,Sra. Eloah Lima,qda-paz@bol.com.br,(071) 4142 5228
781,Luiza Pires,wmonteiro@correia.com,+55 11 2318 6085
782,Eloah Alves,pcampos@yahoo.com.br,0300-020-1494
783,Davi Lucca Rocha,erickda-mata@bol.com.br,41 5798 9947
784,Luiza Teixeira,silveiraalice@hotmail.com,+55 51 7710 5275
785,Felipe Sales,omoraes@yahoo.com.br,+55 (051) 9841-4961
786,Luiz Fernando Dias,bryan06@santos.com,21 3804 0121
787,Murilo Silveira,rmendes@rezende.br,0500 418 2509
788,Otávio Alves,jpeixoto@hotmail.com,+55 (011) 5069-5954
789,João Felipe da Conceição,yda-luz@rezende.net,21 1652 4205
790,Thomas Freitas,luiz-fernandopeixoto@uol.com.br,0900-144-5476
791,Sarah Dias,kmendes@fernandes.br,(061) 1468 6114
792,Guilherme Barbosa,wnogueira@aragao.org,(061) 7955-9067
793,Larissa Correia,gnovaes@castro.br,(081) 7882-8159
794,Eduarda Rezende,dnunes@ribeiro.com,+55 41 0911-6289
795,Srta. Maria Silveira,vfernandes@hotmail.com,0500 540 2420
796,Dr. Yago Moraes,nascimentojoao@da.com,+55 (061) 1912-2756
797,Ian da Rosa,pcampos@castro.br,0900-521-8819
798,Bruno Teixeira,vda-cunha@souza.com,31 7718 0910
799,Lucas Gabriel Farias,kmelo@uol.com.br,(021) 6191 4917
800,Sabrina Peixoto,ipeixoto@costela.br,+55 11 1100-9743
801,Sarah Rocha,silveiraryan@yahoo.com.br,+55 (041) 8602-7509
802,Melissa Teixeira,oazevedo@moura.org,0800-845-3902
803,Vitória Pinto,diogopeixoto@pinto.com,+55 81 1840 4187
804,Raul Porto,vitoria88@yahoo.com.br,+55 21 8100-0386
805,Alexandre Castro,helena75@araujo.org,0300-933-7030
806,Rebeca Sales,pietracorreia@ramos.br,0500-850-4864
807,Sophia Pinto,isispeixoto@rezende.com,11 0242 5384
808,Heitor Pires,wsouza@da.com,(041) 6109-2294
809,Sr. Isaac Cardoso,barbosajoao-guilherme@gmail.com,31 0462 4402
810,Letícia Pinto,nlima@costela.br,51 8638 2286
811,Cecília Viana,novaesisaac@da.br,+55 (041) 8695 9972
812,Juliana Gomes,hda-costa@hotmail.com,71 5913 0367
813,Nicole Fernandes,monteirocatarina@santos.com,51 9420 0912
814,Lucas Gabriel Porto,iporto@ig.com.br,61 6892-9743
815,Sr. Heitor Nascimento,das-nevespaulo@bol.com.br,(021) 4939 0906
816,Diogo da Conceição,costelamaria-clara@yahoo.com.br,(051) 5927 4623
817,Dra. Rebeca Cavalcanti,kevinda-mata@yahoo.com.br,(081) 0886 7891
818,Evelyn Pinto,leandro85@gmail.com,(051) 4310-2278
819,Bryan Silva,hda-mata@azevedo.br,0300 078 3958
820,Isadora Oliveira,enzoribeiro@correia.br,+55 (061) 1958 0860
821,Bruna Correia,luiz-fernandomendes@silva.com,+55 81 0186-0855
822,Sr. Eduardo da Rocha,francisco72@ig.com.br,+55 11 1982-2357
823,Dra. Amanda Peixoto,arthursilva@vieira.com,71 9630 8667
824,Julia Carvalho,carolinemoreira@gmail.com,61 2477-4235
825,Isis Carvalho,raulazevedo@uol.com.br,(051) 4895 2527
826,Murilo Cunha,ofarias@vieira.br,0300 098 5882
827,Yago Santos,antoniodias@bol.com.br,21 4856 3146
828,Sabrina Souza,kdas-neves@monteiro.com,+55 (071) 7729-9701
829,Dr. Danilo Cardoso,lara01@gmail.com,+55 (081) 8007 0766
830,Evelyn Rodrigues,qcastro@dias.org,+55 (041) 0602 5146
831,Fernanda Monteiro,cpires@bol.com.br,(061) 4476 3341
832,Luigi da Costa,azevedogustavo@dias.br,0300-438-6623
833,Vitor Hugo Costa,yasmin38@novaes.org,0500-414-6781
834,Srta. Bruna Gomes,ana-claramendes@uol.com.br,0900 581 5094
835,Daniel Alves,uvieira@gmail.com,+55 (051) 7987 1518
836,João Felipe Jesus,danielda-costa@peixoto.net,+55 21 2725-3155
837,Renan Pinto,portovitor@rezende.br,(081) 3921-8437
838,Rafael Pereira,sofia77@ig.com.br,+55 (084) 6157-4531
839,Joana Caldeira,gabrielpeixoto@novaes.net,61 0798 3302
840,Juliana Jesus,natalia19@gmail.com,81 0261 0086
841,Sr. Emanuel Monteiro,aragaoana-carolina@moraes.br,+55 51 7307 3553
842,Maria Luiza Gomes,da-pazlivia@gmail.com,(081) 8729 0608
843,Fernanda Moura,ana-laura37@cardoso.br,+55 31 4810-9830
844,Sra. Ana Luiza Dias,vinicius34@bol.com.br,+55 21 6159 0160
845,Cauã Peixoto,amoura@porto.com,61 7827 1579
846,Pedro Ferreira,enzo-gabrielnogueira@gmail.com,+55 81 4485 9648
847,Noah Ferreira,juliaoliveira@ig.com.br,(081) 0057-1016
848,Miguel Lima,fernandaoliveira@rodrigues.net,+55 (041) 1368-0386
849,Dra. Catarina Duarte,emanuel68@uol.com.br,71 9458 8830
850,João Lucas Teixeira,ramosdanilo@uol.com.br,(061) 2978 7082
851,Srta. Maria Rodrigues,silveiradavi-lucas@yahoo.com.br,+55 (041) 2648-4818
852,Maysa Souza,nunescarlos-eduardo@yahoo.com.br,+55 (084) 9636-5962
853,Francisco Correia,santosleandro@azevedo.br,11 8208 9672
854,Emanuella Melo,umoraes@ribeiro.com,11 8559 2846
855,Dra. Carolina Teixeira,joao-lucaslopes@yahoo.com.br,81 9628-5666
856,Sr. Nathan Dias,dferreira@jesus.org,71 2015 8753
857,Bárbara Oliveira,yasminsilveira@yahoo.com.br,+55 (081) 6283-2611
858,Catarina Cavalcanti,leticiamartins@hotmail.com,61 2501 2431
859,Valentina Costa,dribeiro@yahoo.com.br,84 9162-7553
860,Sr. Luigi Rocha,brunoalves@bol.com.br,+55 71 5086-5521
861,Lucca Cardoso,fogacadavi-lucca@goncalves.org,(061) 2916-9364
862,Vitória Carvalho,larissacunha@ig.com.br,+55 (071) 1992 3418
863,Heloísa Moreira,leonardoramos@cavalcanti.com,(071) 6807 3080
864,Maysa Caldeira,lais09@hotmail.com,+55 (041) 8126 5676
865,Sr. Samuel Silva,fernandamendes@pereira.com,+55 81 6228 2751
866,Luiz Fernando Silva,jpinto@ig.com.br,84 4290-4690
867,Davi Novaes,emillyazevedo@yahoo.com.br,61 5881-7793
868,Emilly Nascimento,ccampos@uol.com.br,21 2517 2048
869,Marina Sales,rnunes@gmail.com,+55 (051) 8947 6261
870,Lorena da Mata,sazevedo@gmail.com,+55 (071) 5530 5960
871,Yasmin Lima,elisa67@ig.com.br,0300-687-7451
872,Rodrigo Novaes,emillydias@da.br,71 8767-5595
873,Enzo Gabriel Araújo,laraviana@nunes.com,(061) 8753 0281
874,Calebe Moura,joao-guilherme25@ig.com.br,+55 71 7933-5048
875,Anthony da Luz,gabrielly43@bol.com.br,61 5357 2512
876,Daniel Moura,lucasnunes@almeida.com,11 0418-0368
877,João Lucas Costela,maiteda-cruz@aragao.com,+55 (051) 1723 3340
878,Murilo Alves,baragao@campos.br,+55 51 0873 3978
879,Natália Lima,carolina53@costela.br,(021) 0994 4919
880,Clara Caldeira,maria-fernanda87@uol.com.br,11 8482 4803
881,Sr. Bruno Monteiro,ida-mata@uol.com.br,+55 (061) 2150 0822
882,Mariana Castro,qlopes@azevedo.net,(071) 8164 3207
883,Dra. Isabella das Neves,sophie66@da.com,+55 71 3786-5318
884,Elisa Jesus,costelaenrico@gmail.com,(011) 5757-9305
885,Lorena das Neves,pedro-lucas37@lima.com,71 5052 7191
886,Diogo Vieira,gda-mata@santos.br,+55 61 3854-9663
887,Gustavo Henrique Nogueira,julianaoliveira@yahoo.com.br,+55 (084) 5828 3198
888,Beatriz Lopes,da-luzcarolina@gmail.com,+55 (061) 9093 2278
889,Srta. Bárbara Cardoso,wmendes@teixeira.br,61 4656 5016
890,Yuri Gonçalves,cunhasarah@hotmail.com,11 2641 3037
891,Beatriz Carvalho,mirella06@ig.com.br,+55 81 0204 1364
892,Isis Moreira,noahalmeida@bol.com.br,+55 81 6528-9886
893,Gabriel Vieira,bryan82@da.net,21 7312 5055
894,Lucas Fogaça,raullima@moura.net,84 4301-2847
895,Sophie Cunha,lucca97@hotmail.com,81 5881 3274
896,Marina Rodrigues,duartelorena@duarte.br,+55 (011) 7935-2751
897,Catarina da Rosa,silvadiego@gmail.com,(031) 2700 0909
898,Ana Beatriz da Costa,xda-mota@ig.com.br,+55 (081) 1123 1055
899,Sra. Olivia Caldeira,samuelda-cruz@gmail.com,(084) 5098 4661
900,Srta. Daniela Farias,ana-beatriz58@ig.com.br,0800 610 8821
901,Yasmin da Paz,scastro@farias.br,+55 71 7181-0848
902,Gabriel Cardoso,maria-ceciliaaragao@da.com,+55 (041) 3642-1123
903,Thiago Caldeira,thiagocunha@viana.br,0300-434-7867
904,Maria Eduarda Vieira,luiz-miguelrocha@gmail.com,41 0997 4583
905,Nicole Rocha,pedro-miguel84@gmail.com,+55 (041) 2187-4049
906,Pietra Pires,maria-vitoria98@hotmail.com,+55 11 6022-7026
907,Gustavo Nascimento,da-rochavitor-gabriel@ramos.br,+55 61 3145 8971
908,Luigi Gonçalves,lucasoliveira@rocha.org,61 4655 5904
909,Dr. Lorenzo Rodrigues,da-mataigor@uol.com.br,+55 (051) 6984-4304
910,Srta. Alice Lopes,pireserick@nogueira.br,41 6931-8951
911,Bruna Rocha,ymoura@caldeira.br,+55 (071) 1640 4267
912,Augusto Sales,ulima@bol.com.br,+55 81 0260 1749
913,Yuri Silva,danielmelo@hotmail.com,(071) 8577-2579
914,Dra. Stella Castro,lorenzonunes@gmail.com,0800-975-7786
915,Luna Teixeira,abarbosa@da.org,+55 81 1831 0502
916,Vinicius Teixeira,bferreira@bol.com.br,(021) 6341-2291
917,Laura Araújo,yurisilva@hotmail.com,(041) 8845 5220
918,Rafaela Lima,evelynviana@barros.br,+55 71 4812 2227
919,Dr. Luiz Henrique Campos,sdas-neves@dias.net,+55 71 9377-8953
920,Camila Costela,castromaria-vitoria@hotmail.com,(021) 0325-5874
921,Sra. Laura Oliveira,barrosana-clara@gmail.com,+55 (041) 8741-4713
922,Danilo Cardoso,cunhafernando@hotmail.com,+55 11 6282 4694
923,Ryan Fogaça,da-motagiovanna@ig.com.br,+55 21 2085-3868
924,Lavínia Farias,ribeirocaua@uol.com.br,(061) 7324 7746
925,Laura da Rosa,arthur34@teixeira.br,+55 (041) 8010-4466
926,Dra. Maria Julia Pires,eda-rosa@vieira.com,51 0345 1659
927,Lucas Gabriel Santos,da-pazjuan@barbosa.br,(051) 3782 6973
928,Srta. Olivia das Neves,gustavofogaca@da.com,61 2689 1558
929,Lucas Rodrigues,duartekamilly@da.br,+55 (084) 2240 6123
930,Benício Costela,cauegomes@hotmail.com,61 2210-1454
931,Sr. Cauê Mendes,sofiasilveira@hotmail.com,+55 81 4312-9634
932,Ana Luiza Pinto,luna28@uol.com.br,+55 21 4669-4632
933,Júlia Freitas,pporto@gmail.com,+55 (041) 7979 3595
934,Srta. Camila da Conceição,hcardoso@gmail.com,+55 (041) 5888-1687
935,Isis Silva,mouramaria-luiza@ig.com.br,+55 (061) 6592 5176
936,Srta. Maria Vitória Jesus,evelyn32@silveira.br,81 4488-4123
937,Sofia Moraes,ryan88@uol.com.br,+55 71 1873 5012
938,Bernardo Peixoto,luiz-felipe55@campos.br,0500 542 1777
939,Stella Mendes,heloisa47@hotmail.com,51 6625 4323
940,Sr. Francisco Dias,isaac19@da.org,(021) 3263-5887
941,Sra. Ana Vitória Mendes,peixotolais@silveira.br,(081) 8207-4315
942,Ryan da Costa,inascimento@castro.br,+55 (061) 5940-0757
943,Luigi da Mota,kcorreia@uol.com.br,(071) 0253 6378
944,Ana Julia Teixeira,fogacaenzo-gabriel@da.org,(041) 0155 2547
945,Juliana da Mota,diego13@caldeira.com,+55 (071) 9653-7513
946,Nina Sales,naragao@bol.com.br,+55 84 1411-9541
947,Ana Luiza Carvalho,rafaelafernandes@ig.com.br,(031) 2395-3632
948,Dr. Heitor Novaes,moreiramaria-fernanda@souza.com,(051) 8185 0979
949,Daniela Costela,oliviafarias@yahoo.com.br,0900-170-4075
950,Laura Pinto,benjamincarvalho@farias.com,+55 (031) 6785-2663
951,Vinicius Correia,da-pazerick@gmail.com,(061) 8206-3797
952,Thales da Conceição,vianaana-carolina@uol.com.br,81 7815 6269
953,Bryan Nogueira,ana-luiza85@carvalho.br,(041) 0878-1976
954,João Pedro Fernandes,lucas19@uol.com.br,+55 (061) 7601-1112
955,Natália Rezende,milena11@hotmail.com,61 1280-0361
956,Leonardo Sales,uaragao@gmail.com,+55 84 3596 3441
957,Caio Mendes,theo68@nogueira.com,+55 (084) 5469 8949
958,Srta. Ana Clara Moura,das-nevesrafaela@silva.br,+55 (051) 3143 1159
959,Alice Ribeiro,bduarte@gmail.com,0800-925-2574
960,Daniela Martins,da-matakevin@teixeira.net,31 1166 3225
961,Otávio Costela,martinsisis@cardoso.com,(011) 1029 3531
962,Benício Nogueira,eda-cunha@uol.com.br,(084) 0575-4193
963,Emanuelly Araújo,piresgustavo-henrique@souza.br,(011) 3283 8899
964,Marina da Cruz,sarahazevedo@melo.org,81 0985-8936
965,Maria Sophia Souza,maria-sophia95@lopes.org,+55 41 4044-4610
966,Raul Duarte,piresana@uol.com.br,+55 84 3962 7128
967,Otávio Viana,sophiecarvalho@gmail.com,+55 (041) 7317-1932
968,Kamilly Pires,talmeida@moreira.net,+55 (051) 6694-3483
969,Dra. Emanuelly Souza,maria-clara61@lima.br,(051) 0478 8050
970,Benjamin Aragão,claraduarte@uol.com.br,+55 84 9617 8609
971,Dr. Isaac Ramos,davi-lucca00@almeida.org,+55 31 2609 2735
972,Milena das Neves,yoliveira@yahoo.com.br,(011) 0675-5077
973,Sr. Kaique da Rocha,yporto@santos.com,71 4571 2159
974,Isaac Araújo,carolinevieira@ig.com.br,+55 61 2386-8108
975,Luana Santos,limaalicia@ig.com.br,+55 (081) 5815 3314
976,Davi Lucca da Cunha,luiza49@nunes.net,(041) 5862-0768
977,Erick Cardoso,lais68@hotmail.com,+55 31 3197-7835
978,Sra. Melissa Nascimento,mouranathan@yahoo.com.br,+55 21 8199-3047
979,Alice Azevedo,ana-juliasales@bol.com.br,41 5209 6962
980,Nicolas Castro,lduarte@yahoo.com.br,(084) 5239 4374
981,João Felipe Novaes,spereira@uol.com.br,+55 (041) 0914-4872
982,Dr. Benício Nogueira,ana-vitoriada-mata@nunes.com,71 4860 9921
983,Daniel Duarte,maria-vitoriaoliveira@aragao.br,+55 (021) 6373 3549
984,Felipe Cavalcanti,ninada-conceicao@moura.com,+55 31 1111-8286
985,João Pedro Freitas,cunhabrenda@campos.com,+55 (031) 0654 9010
986,Diego Monteiro,clara25@barbosa.org,+55 (071) 3932-8809
987,Davi Lucas Viana,tgomes@uol.com.br,+55 41 7858-5363
988,Davi Luiz Costela,gomescalebe@da.com,0500-304-9859
989,Ryan Melo,agatha93@yahoo.com.br,84 2242-9958
990,Dra. Rafaela Monteiro,ana-liviafogaca@da.br,(051) 5972 5509
991,Isis Carvalho,ebarros@hotmail.com,+55 (071) 3418 9774
992,Eloah Barros,emanuellacarvalho@da.net,+55 (051) 6485 4775
993,Maria Julia Melo,monteiroana-laura@bol.com.br,+55 51 0651 5604
994,Mariana Ribeiro,silveiragabriela@uol.com.br,+55 41 5590-1549
995,Dr. Bruno Cunha,brenoferreira@nascimento.br,81 7964 8448
996,Bernardo Moura,ana-livia90@yahoo.com.br,(041) 6733 7090
997,Sabrina Ramos,miguel85@ig.com.br,+55 (071) 3628-3347
998,Dr. Marcos Vinicius Santos,daniel17@das.net,61 2656 9477
999,Carolina da Mota,da-matavitor-hugo@lopes.com,(061) 1450 3461
1000,Amanda Almeida,breno74@da.br,+55 (031) 2702 4870
